r100172, r809687
r100271, r726472
r100296, r112206
r100537, r542264
r100685, r316915
r101062, r210624
r101155, r177281
r101233, r492121
r101236, r811269
r101331, r366819
r101470, r142773
r101529, r134684
r101537, r631436
r101569, r139256
r101592, r354650
r101786, r204642
r101793, r223030
r101830, r154858
r101986, r555119
r102065, r583495
r102099, r430340
r102142, r197221
r102206, r376265
r102593, r800632
r102784, r315903
r102901, r273879
r102905, r109870
r102984, r417466
r103114, r537177
r103183, r117246
r103336, r193542
r103366, r264617
r103400, r513675
r103458, r139410
r103617, r439266
r103659, r758598
r103699, r171541
r103728, r374442
r103874, r717433
r103949, r142105
r103995, r602168
r104103, r233346
r104183, r958663
r104498, r842350
r104733, r867098
r105161, r329148
r105315, r118171
r105362, r196812
r105373, r986064
r105499, r928619
r105603, r747314
r105607, r169047
r105762, r528540
r105798, r609839
r106103, r195712
r106160, r736009
r106184, r990114
r106707, r525436
r106794, r187929
r106943, r649856
r107062, r179505
r107135, r140861
r107196, r695493
r107699, r721677
r107839, r198979
r108186, r622246
r108780, r204719
r109257, r114165
r109437, r351039
r109505, r163081
r109704, r302470
r109786, r751212
r109857, r663618
r109879, r511168
r109928, r729563
r110247, r191837
r110678, r257140
r110689, r648397
r110845, r600939
r110892, r378613
r110985, r128160
r111411, r168737
r111415, r119782
r111483, r361270
r111509, r228349
r111769, r986616
r112156, r493795
r112414, r154363
r112513, r204466
r112592, r152866
r112665, r169146
r112760, r775642
r112780, r901495
r112949, r128192
r112970, r124701
r113081, r804032
r113221, r986125
r113588, r156990
r113681, r763208
r113764, r682431
r114059, r497526
r114296, r161995
r114474, r196100
r114606, r776595
r114634, r147769
r114711, r965732
r114794, r543972
r114817, r765088
r115313, r126782
r115381, r827529
r115435, r224279
r115716, r328817
r115849, r768555
r115851, r639394
r116103, r435839
r116297, r751546
r116325, r314922
r116438, r468373
r116610, r844253
r116740, r184995
r116745, r954635
r116769, r190082
r116850, r182832
r116862, r223002
r117039, r784723
r117054, r714097
r117259, r196306
r117304, r236728
r117510, r557595
r117598, r168472
r117668, r689391
r117733, r368798
r117749, r200532
r117929, r188374
r117975, r989512
r118095, r995412
r118132, r745493
r118153, r592045
r118219, r171635
r118229, r168736
r118388, r614605
r118508, r197438
r118526, r760624
r118582, r833868
r118688, r298591
r118692, r135644
r118771, r528352
r119035, r904911
r119060, r282339
r119079, r457107
r119105, r316464
r119198, r371886
r119600, r134371
r119685, r353293
r119790, r506892
r120171, r174288
r120232, r183816
r120425, r338572
r120591, r234801
r120678, r557542
r121101, r924559
r121107, r308992
r121132, r137557
r121196, r114037
r121233, r382029
r121754, r955522
r121776, r198775
r121797, r573745
r121948, r825998
r122138, r164041
r122144, r907746
r122180, r739254
r122269, r192649
r122426, r176741
r122538, r186513
r122688, r185691
r122769, r169272
r122891, r736098
r123082, r463864
r123306, r790842
r123584, r783199
r123682, r142494
r123850, r946837
r124418, r739321
r124475, r885603
r125111, r191073
r125145, r662958
r125151, r126885
r125343, r800971
r125394, r946713
r125399, r871903
r125740, r297038
r125755, r492253
r125773, r861912
r125778, r127571
r126276, r114581
r126353, r102937
r127077, r119313
r127232, r172813
r127301, r579613
r127441, r626796
r127895, r485479
r127903, r196874
r127952, r956293
r127965, r474796
r128075, r183815
r128104, r759389
r128339, r643462
r128391, r138195
r128417, r114535
r128447, r137554
r128750, r106299
r128873, r698919
r128936, r679838
r129243, r143819
r129262, r190606
r129527, r167385
r129728, r130908
r130219, r110586
r130628, r529215
r130754, r634544
r130795, r694750
r130802, r249412
r130834, r270988
r130873, r600350
r130985, r517268
r131133, r176919
r131186, r161055
r131190, r604817
r131226, r423870
r131267, r439818
r131347, r437837
r131361, r452620
r131369, r162391
r131382, r310593
r131429, r573796
r131687, r165493
r131710, r485190
r131732, r320175
r131940, r461254
r132051, r149539
r132106, r124357
r132151, r843959
r132221, r748421
r132400, r156834
r132406, r145651
r132469, r142610
r132598, r113666
r132692, r229038
r132873, r816193
r133043, r117658
r133164, r774887
r133192, r106552
r133372, r303303
r133376, r877599
r133407, r708301
r133462, r848002
r133795, r107246
r133998, r598851
r134212, r641434
r134220, r125571
r135286, r387406
r135495, r270953
r135556, r393643
r135589, r192933
r135795, r481914
r135967, r156204
r135968, r128076
r136295, r513221
r136332, r705439
r136338, r189820
r136377, r401353
r136532, r129150
r136759, r116139
r136892, r277575
r137027, r867022
r137153, r639456
r137191, r254867
r137207, r114512
r137268, r830872
r137323, r150113
r137436, r191357
r137495, r115322
r137615, r777405
r137663, r119421
r137699, r146916
r137727, r394728
r137771, r399998
r137879, r475144
r137938, r587720
r137944, r910510
r138087, r597555
r138106, r836540
r138110, r887613
r138225, r786835
r138264, r173336
r138443, r157594
r138534, r169503
r138562, r143279
r138595, r662830
r138657, r557340
r138694, r110446
r138994, r157527
r139178, r406774
r139397, r443119
r139422, r500117
r139817, r293720
r139916, r475249
r140120, r161323
r140252, r820818
r140430, r435060
r140512, r229111
r140586, r159469
r140635, r415484
r140645, r173628
r140954, r787842
r141089, r339204
r141307, r174313
r141645, r982428
r141708, r625923
r141720, r408546
r141740, r749625
r141842, r748415
r141888, r491676
r141948, r810668
r142014, r965241
r142201, r104327
r142387, r821164
r142620, r814051
r142659, r143838
r143208, r176003
r143275, r164215
r143445, r135493
r143539, r614283
r143586, r197205
r143595, r127737
r143692, r986128
r143743, r662037
r143824, r529470
r143886, r721776
r144356, r295420
r144398, r106641
r144577, r151068
r144646, r315079
r144780, r262698
r144878, r348462
r145190, r138683
r145300, r209142
r145360, r833919
r145386, r284605
r145410, r321313
r145703, r194478
r145773, r159371
r146030, r276457
r146154, r478553
r146251, r344732
r146312, r111347
r146380, r170764
r146533, r907526
r147118, r914659
r147347, r174692
r147404, r117061
r147768, r795834
r147825, r323927
r147842, r241397
r147991, r356894
r148054, r524135
r148109, r101022
r148211, r145186
r148227, r169052
r148566, r132639
r148663, r109502
r148705, r112877
r149087, r944720
r149090, r463792
r149109, r178879
r149305, r147435
r149525, r866221
r149585, r101984
r149634, r343580
r149928, r123081
r150211, r118939
r150297, r223212
r150319, r129122
r150346, r209777
r150632, r151375
r150694, r397240
r150892, r133281
r150962, r589043
r151054, r163932
r151562, r224028
r151869, r368707
r151938, r154749
r152108, r102929
r152123, r877488
r152379, r919139
r152484, r398810
r153059, r733157
r153077, r192981
r153089, r183304
r153211, r959970
r153349, r916469
r153545, r149704
r154057, r192724
r154165, r799546
r154216, r135137
r154256, r668535
r154379, r770162
r154517, r829363
r154577, r102173
r154595, r189866
r154706, r935553
r154757, r389128
r154896, r168450
r154970, r341979
r155080, r577967
r155198, r209618
r155436, r696110
r155578, r944424
r155661, r525518
r155694, r774167
r155723, r929624
r155784, r704950
r155961, r865556
r156361, r269604
r156462, r133339
r156904, r295818
r157000, r544533
r157010, r141073
r157108, r122224
r157178, r691105
r157315, r194297
r157403, r460838
r157922, r516778
r157943, r377774
r158053, r725003
r158775, r773955
r158826, r831117
r158830, r161119
r158867, r153973
r159012, r421773
r159091, r155248
r159269, r472939
r159336, r360913
r159636, r964252
r159641, r516463
r159738, r217006
r159918, r206283
r159930, r169918
r159996, r153597
r160210, r140028
r160392, r194635
r160584, r174518
r160684, r144616
r160745, r751030
r160797, r899839
r160829, r103536
r160997, r815023
r161295, r142529
r161410, r163881
r161459, r176712
r161479, r602986
r161539, r957698
r161975, r698711
r162069, r314752
r162129, r645403
r162974, r694717
r162975, r164130
r162984, r189661
r163093, r984437
r163458, r144834
r163828, r454558
r164008, r159950
r164198, r706088
r164242, r765511
r164290, r520393
r164409, r889435
r164458, r118262
r164540, r348938
r164600, r831162
r164783, r149826
r164812, r949146
r165037, r558566
r165373, r991426
r165467, r303518
r165664, r679912
r166122, r131901
r166415, r166217
r166488, r149991
r166736, r623251
r166903, r322727
r167183, r232588
r167200, r753743
r167262, r602949
r167495, r171685
r167597, r645998
r168053, r318927
r168093, r144699
r168106, r368315
r168384, r183845
r168493, r110922
r168730, r415390
r168745, r520847
r168871, r148264
r168884, r130278
r168976, r933397
r169051, r993372
r169204, r834894
r169325, r107822
r169594, r605240
r169605, r783171
r170096, r248823
r170189, r616478
r170205, r271816
r170261, r443520
r170286, r330328
r170530, r558606
r170581, r694484
r170597, r117871
r171240, r197174
r171318, r110709
r171376, r744801
r171425, r914868
r171508, r821474
r171533, r120329
r171577, r130436
r171720, r115043
r171757, r149216
r172148, r571034
r172334, r836534
r172426, r233917
r172606, r467576
r172642, r394984
r172685, r132850
r172781, r851145
r172794, r851918
r172904, r723863
r173171, r743588
r173186, r288513
r173243, r645519
r173282, r172514
r173615, r476219
r173893, r527121
r173901, r319053
r173923, r873987
r173976, r567394
r174342, r442792
r174474, r112936
r174543, r152873
r174777, r140699
r174833, r609110
r175192, r105178
r175289, r475166
r175335, r477453
r175423, r332386
r175575, r208435
r175638, r695558
r175670, r178120
r175710, r467659
r175720, r855161
r175742, r992525
r175788, r555036
r175878, r212230
r175905, r326558
r176088, r943414
r176216, r161726
r176284, r586374
r176310, r139398
r176324, r143190
r176329, r111105
r176384, r124579
r176575, r877772
r176675, r926987
r176739, r179856
r176789, r907915
r176831, r778821
r176910, r200465
r176985, r759467
r177008, r558398
r177047, r911369
r177197, r125354
r177313, r405218
r177634, r470551
r177715, r161048
r177751, r111802
r177767, r925580
r177892, r819901
r177972, r560774
r178046, r471904
r178048, r952510
r178062, r692642
r178153, r154330
r178258, r174741
r178306, r715427
r178651, r154027
r178861, r606736
r178965, r174928
r178976, r564827
r179098, r154204
r179126, r159803
r179140, r139453
r179350, r778774
r179368, r976735
r179442, r135765
r179525, r136290
r179597, r424923
r180148, r669774
r180179, r106333
r180249, r107366
r180273, r567395
r180399, r868813
r180694, r200950
r180718, r224147
r180894, r221217
r180995, r498007
r181040, r916373
r181053, r879806
r181066, r632740
r181102, r171138
r181172, r253809
r181186, r192743
r181225, r967884
r181291, r103752
r181463, r621834
r181467, r101705
r181473, r554984
r181679, r267894
r181872, r929524
r182201, r578996
r182389, r378187
r182668, r851679
r182747, r618652
r182818, r188147
r182960, r118281
r183071, r198595
r183075, r152058
r183343, r112611
r183355, r145048
r183392, r720797
r183395, r902669
r183519, r954867
r183613, r150273
r183638, r850185
r183754, r401790
r183908, r409605
r184007, r130852
r184032, r228010
r184089, r988449
r184163, r287171
r184408, r518474
r184559, r623822
r184671, r199614
r184686, r542821
r184908, r294543
r185101, r864886
r185230, r152506
r185311, r703772
r185532, r926059
r185562, r207074
r185634, r791520
r185647, r504438
r185650, r710562
r185956, r513037
r186150, r173959
r186361, r556765
r186372, r950503
r186397, r308528
r186412, r210176
r186464, r849369
r186477, r195095
r186533, r872852
r186772, r477761
r186991, r275341
r187496, r191002
r187499, r815140
r187595, r758772
r187640, r137283
r187674, r622086
r187850, r711081
r188284, r690178
r188285, r330594
r188394, r156969
r188454, r269204
r188457, r167978
r188637, r130977
r188668, r536895
r188678, r484812
r188758, r100108
r188794, r110858
r189187, r282509
r190112, r184080
r190165, r303555
r190182, r716381
r190552, r112951
r190759, r114656
r190795, r145382
r190831, r609945
r190832, r602881
r191075, r961406
r191279, r774882
r191417, r132724
r191419, r806727
r191427, r772180
r191544, r651364
r191633, r836749
r191875, r797819
r191891, r190792
r192418, r127345
r192623, r915106
r192635, r111783
r192693, r701609
r192755, r192530
r193144, r126308
r193204, r742642
r193260, r666429
r193457, r123892
r193493, r196265
r193505, r165554
r193682, r171298
r193828, r945268
r193997, r171352
r194025, r506117
r194203, r181403
r194263, r755818
r194309, r931742
r194723, r828645
r195188, r664060
r195257, r733488
r195342, r172289
r195375, r707290
r195558, r952788
r195617, r155877
r195670, r767615
r195820, r760135
r195861, r166035
r196098, r401482
r196104, r475802
r196438, r481477
r196439, r134583
r196478, r433189
r196513, r573314
r196908, r810346
r196977, r467808
r197124, r992580
r197140, r790037
r197197, r398195
r197294, r856762
r197331, r610716
r197353, r559670
r197445, r167952
r197664, r181517
r197827, r907694
r197903, r724462
r197943, r138920
r198021, r490024
r198064, r404655
r198260, r136935
r198603, r167490
r198676, r543660
r198865, r616184
r199283, r324866
r199292, r822352
r199672, r746382
r199919, r213614
r199975, r561525
r200148, r384542
r200218, r996320
r200365, r820761
r200642, r663501
r200748, r667663
r200770, r907474
r201009, r508440
r201053, r290116
r201166, r686962
r201744, r481747
r201758, r318660
r201951, r412360
r202063, r916182
r202667, r451855
r203204, r580136
r203432, r703807
r203438, r175904
r203608, r182884
r203760, r572275
r203794, r837527
r203984, r784056
r204150, r260646
r204616, r917929
r204887, r693984
r204966, r382360
r204994, r887847
r205113, r784834
r205126, r164545
r205597, r650014
r205620, r343891
r205847, r165466
r206097, r321939
r206198, r974406
r206321, r326769
r206535, r241532
r206751, r743636
r206810, r231622
r207108, r521890
r207266, r346919
r207336, r590371
r207522, r627618
r207527, r779430
r207799, r169137
r208339, r725261
r209071, r580492
r209278, r732938
r209282, r755128
r209592, r564849
r209795, r675839
r209846, r116231
r209889, r525383
r209927, r379098
r209990, r867368
r210146, r456712
r210580, r693594
r210848, r172944
r211339, r891060
r211380, r349277
r211536, r104355
r211638, r437333
r211795, r851507
r212041, r349396
r212061, r926873
r212082, r709793
r212109, r312523
r212192, r911217
r212231, r312305
r212318, r631931
r212393, r737895
r212465, r773103
r212469, r303974
r212605, r459264
r212633, r338909
r212836, r475289
r213084, r341323
r213150, r222385
r213242, r830888
r213562, r593671
r213802, r753347
r213833, r982889
r213861, r132752
r213896, r330988
r213997, r166987
r214029, r706625
r214113, r682171
r214193, r702550
r214660, r376023
r214691, r664018
r215173, r917844
r215325, r189437
r215583, r336112
r216086, r572622
r216143, r509845
r216724, r383308
r216745, r646175
r216824, r308483
r216847, r498296
r216916, r542035
r216977, r356594
r217188, r934539
r217303, r358777
r217432, r904782
r217649, r109697
r217670, r472856
r217785, r392547
r217869, r165020
r217995, r253571
r218255, r142276
r218630, r172459
r218876, r556609
r218877, r255333
r219241, r687882
r219308, r342232
r219372, r905660
r219719, r643435
r219773, r888637
r219808, r873999
r220029, r462234
r220262, r825912
r220417, r134972
r220423, r888393
r220714, r922238
r220767, r706788
r220861, r974526
r221288, r607707
r221405, r166729
r221614, r575919
r222006, r685780
r222262, r527147
r222409, r983573
r222759, r248003
r222884, r721224
r222921, r292817
r223098, r435188
r223235, r747521
r223514, r487748
r223582, r915351
r223761, r905073
r223939, r136214
r224083, r958800
r224142, r385494
r224162, r407889
r224370, r670152
r224393, r941746
r225577, r194502
r226017, r872558
r226084, r267180
r226356, r908689
r226423, r614798
r226424, r926981
r226587, r514135
r226836, r218749
r227018, r881659
r227772, r597358
r228219, r356566
r228290, r754150
r228426, r597937
r228536, r554761
r228767, r859553
r228868, r296517
r228951, r723762
r228958, r621002
r229043, r719395
r229264, r976006
r229429, r241384
r229547, r767051
r229583, r256915
r230350, r951271
r230358, r961651
r230413, r894919
r230523, r215518
r230588, r369386
r230592, r490949
r231338, r256466
r231465, r849920
r231698, r174107
r231736, r194991
r231806, r799299
r231824, r606455
r232123, r585943
r232178, r678303
r232226, r667591
r232494, r445043
r232609, r622572
r232630, r236723
r232674, r520947
r232711, r702938
r232714, r508693
r233047, r656169
r233065, r460876
r233097, r433032
r233378, r294082
r233398, r787529
r233426, r419571
r233671, r856496
r233690, r946238
r233719, r833420
r233908, r990675
r233991, r882372
r234115, r427601
r234130, r731159
r234281, r669510
r234304, r880204
r234478, r202910
r234606, r189388
r234997, r482333
r235004, r708927
r235151, r798950
r235178, r140046
r235191, r744051
r235970, r677210
r236044, r160940
r236076, r130932
r236153, r416393
r236711, r771268
r237327, r160855
r237380, r414356
r237415, r272718
r237636, r178652
r237704, r295800
r237936, r421341
r237998, r941439
r238098, r868176
r238542, r933436
r238661, r666842
r238687, r315049
r238949, r943770
r239136, r286994
r239365, r982810
r239835, r888191
r239966, r344653
r240103, r121609
r240147, r325817
r240297, r455359
r240406, r950770
r240471, r235307
r240813, r341670
r241048, r364652
r241081, r913854
r241355, r767939
r241398, r512270
r241406, r840621
r241676, r560768
r241816, r178576
r241868, r893267
r242098, r869924
r242268, r829993
r242844, r904509
r243067, r531238
r243164, r369449
r243538, r494526
r243654, r638278
r243884, r414900
r244529, r988025
r245204, r605907
r245327, r679069
r245360, r527673
r245504, r675343
r245751, r153847
r245868, r510093
r246154, r571991
r246271, r655361
r246700, r424016
r246912, r876403
r247073, r566258
r247112, r897629
r247368, r454422
r247665, r514343
r247709, r637342
r247838, r668168
r247990, r955078
r248095, r174015
r248291, r495210
r248488, r515548
r248786, r114708
r249132, r742097
r249427, r882954
r249456, r361321
r250216, r693137
r250477, r274356
r250514, r350350
r250623, r342036
r250722, r833500
r250968, r713658
r251032, r939809
r251092, r189545
r251120, r646765
r251245, r392050
r251639, r563131
r251848, r500224
r252047, r165854
r252055, r931123
r252101, r903639
r252180, r125242
r252234, r775608
r252376, r832681
r252654, r864476
r252985, r688852
r253015, r278606
r253070, r931329
r253165, r226607
r253666, r337382
r253729, r771724
r253795, r481326
r254140, r197185
r254321, r299287
r254380, r413581
r255304, r776407
r255312, r766129
r255361, r588072
r255485, r328074
r255754, r685559
r255849, r389800
r255957, r426379
r256133, r630139
r256373, r469927
r256606, r990731
r256830, r303928
r256940, r893731
r257004, r622382
r257242, r537241
r257257, r307547
r257433, r844168
r257547, r780931
r257717, r582469
r258081, r750815
r258176, r618136
r258303, r420127
r258631, r603710
r258917, r486858
r259013, r171276
r259078, r612951
r259447, r447142
r259479, r208548
r260034, r283741
r260199, r738863
r260613, r162175
r260782, r642362
r260936, r797099
r260986, r479899
r261123, r257418
r261713, r398655
r262139, r253387
r262245, r474809
r262270, r828383
r262347, r918073
r262410, r721683
r262843, r291031
r263086, r170950
r263092, r301003
r263282, r334347
r263623, r337119
r263801, r117884
r263847, r632058
r264030, r355779
r264764, r989327
r264996, r687326
r265109, r991350
r265561, r288260
r265610, r376096
r265683, r321386
r265936, r743499
r266001, r524071
r266063, r177943
r266156, r729085
r266157, r294320
r266477, r668903
r267264, r452205
r267292, r678129
r267425, r145837
r267426, r604802
r267506, r659230
r267669, r807036
r267677, r193887
r268202, r400219
r268209, r877639
r268438, r222186
r269360, r453810
r269494, r158043
r269609, r576463
r269759, r855330
r269939, r884405
r269972, r124892
r270062, r161311
r270069, r355335
r270151, r835588
r270216, r223056
r270390, r495701
r270461, r969915
r270474, r351780
r270578, r886455
r270876, r645468
r270898, r720615
r270912, r930966
r271123, r926967
r271214, r111891
r271272, r856249
r271301, r238063
r271328, r244564
r271443, r414331
r271759, r754518
r271781, r522719
r271839, r877761
r271960, r473840
r272532, r766088
r272730, r836531
r272882, r193434
r272887, r652334
r273369, r603076
r273384, r960904
r273418, r903703
r273576, r446373
r273825, r840077
r274289, r246338
r274353, r389854
r274434, r121000
r274611, r455266
r274832, r224293
r274863, r819721
r274955, r971025
r275009, r952521
r275273, r261182
r275332, r573998
r275734, r834400
r276227, r102804
r276253, r920200
r276331, r488383
r276400, r147058
r276479, r354793
r276624, r897022
r276689, r578067
r276871, r337527
r277580, r757187
r277586, r190476
r277610, r474077
r277633, r248343
r278253, r430286
r278572, r628645
r278727, r884657
r278867, r745459
r279399, r994904
r279540, r603113
r279572, r289850
r280064, r135538
r280155, r267453
r280389, r760140
r280599, r625987
r280690, r601407
r280966, r895689
r281041, r588982
r281123, r471761
r281313, r994263
r281483, r448121
r281791, r812137
r282034, r269219
r282056, r978137
r282263, r745981
r282472, r817888
r282502, r431151
r282562, r732012
r282652, r151552
r282668, r905049
r282691, r273877
r283137, r634319
r283182, r321083
r283397, r889247
r283732, r150863
r284186, r592910
r284191, r820505
r284269, r510003
r284571, r176991
r284638, r229150
r284679, r691549
r284696, r410664
r284808, r658647
r284849, r329215
r284931, r403960
r285055, r741780
r285195, r543800
r285274, r944869
r286230, r907218
r286250, r884989
r286331, r826088
r286391, r821004
r286527, r836689
r286732, r812757
r286770, r223043
r286894, r900924
r287396, r452465
r287478, r403500
r287637, r508322
r287690, r127563
r287767, r563251
r287868, r615286
r288145, r249511
r288283, r387539
r288334, r564976
r288474, r932819
r288500, r932527
r288610, r572788
r288741, r411437
r289480, r804959
r289491, r746577
r289809, r169790
r289921, r316578
r289945, r289268
r290744, r697339
r290950, r800206
r291332, r872038
r291497, r959078
r291686, r347764
r291762, r914311
r291898, r743170
r291915, r103311
r292263, r349147
r292368, r956877
r292766, r560281
r292777, r227070
r293303, r616967
r293349, r563625
r293387, r765535
r293527, r352756
r293638, r996985
r293762, r365157
r294348, r259507
r294443, r188322
r295142, r782533
r295226, r280029
r295329, r102759
r295425, r446830
r295730, r840779
r295947, r891793
r295958, r229709
r296019, r100154
r296057, r217245
r296509, r386630
r296605, r147759
r296671, r253371
r296895, r712323
r297156, r154459
r297333, r515963
r298124, r599414
r298604, r973633
r298628, r877197
r298666, r533557
r298738, r493310
r298768, r583397
r298949, r658471
r298953, r152366
r299067, r328097
r299353, r742774
r299648, r894431
r299838, r616801
r299990, r421363
r300131, r692446
r300156, r473366
r300293, r243582
r300350, r634394
r300520, r406875
r300882, r499520
r301062, r707278
r301399, r592561
r301919, r375741
r302394, r919578
r302573, r518209
r302882, r911445
r302958, r228417
r303256, r216377
r303835, r911484
r303858, r697857
r304002, r850511
r304217, r254471
r304550, r624748
r304597, r685540
r304908, r274825
r304975, r572077
r305289, r496057
r305435, r987425
r305708, r524034
r305774, r446220
r305999, r503443
r306537, r759196
r306825, r576989
r307602, r162104
r307695, r392663
r307970, r377309
r308161, r952751
r308222, r352433
r308294, r184292
r308404, r757779
r308509, r693310
r308701, r234967
r308763, r403671
r308809, r518746
r308995, r244987
r309234, r551188
r309439, r838390
r309600, r531152
r310020, r390245
r310285, r571899
r310447, r346239
r310742, r492865
r311041, r367492
r311410, r821620
r311488, r336216
r311586, r841012
r311767, r625915
r312107, r787072
r312210, r714679
r312284, r139678
r312995, r655422
r313196, r257935
r313448, r265111
r313592, r145721
r313776, r582858
r314378, r187981
r314633, r869107
r314781, r821036
r314912, r328667
r314918, r350653
r314996, r563154
r315327, r474856
r315360, r403042
r315585, r611407
r315624, r158411
r315747, r592223
r315909, r825820
r316037, r866841
r316120, r426147
r316312, r826017
r316665, r769760
r316754, r707417
r316907, r355978
r317214, r131178
r317474, r828933
r317686, r406620
r318151, r167403
r318356, r880199
r319031, r135707
r319087, r902228
r319610, r271699
r319630, r599564
r319689, r371372
r320042, r873946
r320212, r626908
r320500, r508477
r320778, r343067
r321106, r781264
r321241, r943487
r321447, r795088
r321673, r110166
r321751, r872654
r322303, r447885
r322984, r993141
r323209, r633312
r323559, r500122
r323705, r494910
r323847, r693666
r323998, r108579
r324006, r733591
r324463, r846261
r324582, r357645
r324739, r658193
r324760, r874966
r324763, r706524
r324811, r326957
r325045, r566078
r325068, r789578
r325202, r775018
r325444, r994281
r326100, r559599
r326109, r993857
r326219, r542060
r326256, r916592
r326334, r821442
r326480, r947522
r326588, r205524
r327139, r282977
r327187, r609336
r327452, r264878
r327631, r842483
r327893, r749995
r328172, r919402
r328486, r477836
r328678, r451519
r328739, r652019
r328821, r952876
r328922, r264263
r329110, r599364
r329208, r236552
r329228, r513841
r329314, r664247
r329316, r597929
r329655, r987186
r329816, r385502
r330071, r483150
r330215, r618272
r330382, r573260
r330470, r313716
r330606, r764757
r330748, r441636
r330836, r971263
r330884, r323046
r330931, r559581
r331144, r443850
r331609, r415340
r331771, r460780
r331898, r748370
r331924, r590107
r332340, r610118
r332563, r434286
r332597, r755107
r332673, r739332
r332897, r876165
r332925, r966462
r333162, r212475
r333850, r303249
r333958, r525194
r334113, r243895
r334164, r552298
r334168, r122284
r334249, r575313
r334596, r672977
r334764, r871841
r334853, r638754
r334867, r395639
r334961, r147237
r334978, r128904
r335010, r799061
r335199, r890943
r335590, r577448
r335682, r499727
r336061, r681852
r336069, r773429
r336285, r409392
r336412, r133557
r336449, r657509
r336504, r687138
r336851, r266287
r336974, r758767
r337178, r373427
r337584, r789165
r337656, r121885
r337770, r437969
r337787, r160728
r337871, r148047
r337911, r534660
r338515, r501326
r338564, r677123
r338624, r632338
r338793, r850699
r338819, r508526
r339194, r543403
r339277, r887280
r339381, r797764
r339909, r536336
r339964, r311632
r340251, r491640
r340338, r324314
r340555, r315573
r340610, r337465
r340805, r754196
r341138, r664871
r341769, r942472
r341907, r674877
r342033, r612094
r342329, r549295
r342376, r668953
r342528, r129214
r342783, r776870
r342949, r465589
r343152, r267201
r343367, r453512
r343405, r377930
r343667, r170591
r343789, r530444
r343895, r855760
r344042, r539389
r344141, r624733
r344209, r192897
r344546, r553439
r344782, r311105
r345213, r206222
r345222, r375057
r345520, r373208
r345591, r438040
r345760, r968315
r345832, r136131
r346070, r638821
r346273, r524251
r346299, r102310
r346512, r347159
r346580, r631530
r346704, r868128
r346787, r133515
r347015, r535615
r347213, r808514
r347344, r500086
r347891, r770918
r348275, r703353
r348466, r859567
r348747, r585701
r348954, r280559
r349012, r866352
r349067, r524173
r349155, r496310
r349460, r832767
r349506, r875127
r349681, r877337
r349802, r179615
r349834, r377159
r349904, r367137
r349988, r301470
r350252, r298462
r350282, r747784
r350338, r609907
r350378, r187771
r350451, r916392
r351010, r526648
r351012, r603146
r351059, r914615
r351076, r289260
r351317, r270532
r351394, r473681
r351450, r243908
r351513, r645884
r351722, r904110
r351939, r722222
r352006, r960097
r352235, r483289
r352371, r759219
r352400, r355838
r352689, r176451
r352728, r634545
r353116, r958332
r354530, r326941
r354847, r839127
r354977, r312025
r355270, r974891
r355271, r370032
r356035, r738681
r356285, r759029
r356316, r959141
r356585, r801178
r356630, r902628
r357164, r678026
r357199, r250119
r357521, r205706
r357568, r119863
r357631, r422924
r357675, r843412
r357685, r551719
r357696, r723953
r358039, r655494
r358132, r883029
r358133, r984850
r358367, r194692
r358373, r950607
r358662, r140395
r358834, r736827
r358917, r864821
r359122, r816651
r359196, r126846
r359312, r445253
r359400, r643698
r359482, r860429
r359496, r835672
r359560, r963361
r359923, r345839
r360040, r544839
r360111, r971607
r360254, r255921
r360364, r574374
r360464, r488832
r360512, r430088
r360659, r269037
r360688, r936926
r360840, r716137
r361069, r789637
r361160, r188448
r361204, r767621
r361263, r717742
r361320, r510344
r361649, r702529
r361662, r247724
r361902, r272665
r362138, r867595
r362203, r466563
r362668, r710785
r362681, r375448
r363055, r480353
r363162, r598518
r363201, r379967
r363311, r454640
r363433, r897321
r363524, r130389
r363576, r154429
r363699, r514984
r363852, r409393
r364005, r588814
r364187, r942440
r364921, r818023
r365104, r796817
r365165, r939454
r365597, r628517
r365650, r458768
r365678, r777524
r365932, r722657
r366058, r320509
r366548, r536252
r367037, r466746
r367149, r412893
r367401, r516567
r367446, r320731
r367543, r889454
r367606, r875094
r367705, r675671
r367942, r917317
r368265, r624562
r368316, r490043
r368616, r500805
r368634, r587381
r368666, r469016
r368793, r463609
r369239, r908989
r369245, r565276
r369330, r579853
r369383, r544977
r369508, r294330
r370084, r977642
r370270, r966762
r370328, r738735
r370419, r510029
r370505, r278276
r371063, r870541
r371233, r610973
r371367, r223618
r371581, r259518
r371654, r704187
r371776, r341781
r371924, r757096
r372133, r229224
r372149, r954650
r372216, r566012
r372405, r207427
r372462, r477463
r372469, r569848
r372693, r620534
r372997, r782923
r373036, r259956
r373044, r843348
r373097, r139677
r373583, r120184
r373704, r771537
r373781, r573741
r373972, r707067
r374088, r181631
r374297, r952477
r374313, r466781
r374508, r840977
r374804, r395684
r375189, r238417
r375420, r863896
r375826, r895470
r375945, r773532
r375993, r592586
r376161, r894562
r376582, r683777
r376848, r854140
r376942, r347279
r376994, r497405
r376999, r905304
r377157, r207607
r377464, r730271
r377933, r676397
r378220, r486520
r378584, r288624
r378785, r907535
r379260, r982356
r379616, r394985
r379835, r596720
r379956, r993717
r379991, r328620
r380010, r540510
r380082, r473437
r380349, r563740
r380751, r237450
r380763, r841768
r380836, r834178
r381020, r131943
r381204, r977400
r381221, r684978
r381436, r202442
r381621, r664058
r382256, r619890
r383038, r388674
r383080, r748536
r383281, r882030
r383634, r222747
r384046, r344547
r384112, r910533
r384319, r749763
r384461, r503157
r384725, r517085
r384728, r525897
r385173, r754221
r385245, r609896
r386132, r364883
r386136, r573235
r386156, r507733
r386229, r152332
r386736, r890351
r387182, r771343
r387266, r531266
r387377, r241164
r387432, r269064
r387513, r199861
r387642, r450235
r388017, r379438
r388085, r283991
r388247, r196155
r388969, r893696
r389126, r971046
r389152, r560177
r389957, r443558
r389997, r185706
r390174, r276870
r390303, r599196
r390429, r808464
r390693, r974231
r390764, r483621
r390804, r647588
r390837, r639970
r390936, r203616
r391116, r608803
r391272, r651572
r391640, r771147
r391713, r433910
r392107, r312911
r392146, r590337
r392248, r809541
r392262, r906272
r393116, r821917
r393255, r475284
r393704, r563709
r393940, r832011
r394389, r649299
r394914, r713012
r394934, r935091
r395032, r984979
r395043, r871120
r395378, r524747
r395395, r530507
r395481, r595551
r395823, r879771
r396168, r601253
r396269, r546515
r396598, r261276
r396718, r531876
r397478, r690239
r397563, r577790
r397746, r877103
r397914, r915435
r397926, r778555
r397966, r633780
r398042, r959361
r398240, r427491
r398308, r120063
r398517, r726049
r398869, r918312
r399170, r348049
r399218, r964442
r399329, r103778
r399596, r936514
r399879, r750382
r399988, r845007
r400015, r897564
r400043, r779946
r400058, r724421
r400084, r882865
r400289, r403485
r400322, r456428
r400482, r804493
r400558, r298966
r400729, r107517
r400914, r376558
r401152, r120995
r401174, r605165
r401323, r933450
r401661, r580719
r401878, r454170
r402022, r473944
r402354, r414824
r402869, r228316
r403072, r286787
r403230, r539702
r403315, r404827
r403332, r912956
r403345, r597053
r403904, r206647
r403963, r557441
r404456, r636032
r404465, r989579
r404483, r909976
r404847, r757454
r404900, r487284
r404954, r310307
r405028, r928849
r405100, r835512
r405131, r744895
r405257, r544915
r405313, r191341
r405470, r941968
r405532, r394348
r405742, r165084
r405830, r702173
r406083, r994461
r406228, r603382
r406240, r200447
r406333, r317216
r406338, r486179
r406374, r157710
r407166, r564394
r407289, r527622
r407360, r820726
r407433, r130388
r407959, r969618
r407967, r478176
r407968, r616370
r408064, r498081
r408148, r816428
r408345, r539456
r408624, r625243
r408662, r148228
r408699, r745871
r408841, r326377
r409116, r919667
r409134, r661956
r409207, r185077
r409546, r229028
r409770, r993164
r409772, r736158
r410090, r150605
r410197, r725694
r410293, r400664
r410388, r451041
r410685, r285961
r410878, r392045
r411310, r590758
r411733, r243329
r412146, r778775
r412211, r491331
r412308, r484352
r412406, r408651
r412826, r698807
r412957, r803748
r413134, r267139
r413338, r904298
r413368, r865189
r413648, r292443
r413746, r971720
r414311, r163463
r414428, r980675
r414432, r470894
r414465, r573275
r414859, r967975
r414906, r635767
r415138, r567683
r415158, r895335
r415247, r205425
r415688, r175227
r415696, r465762
r415699, r923383
r415702, r831475
r415751, r972008
r415970, r410925
r415999, r989995
r416081, r640301
r416366, r600545
r416433, r939587
r417150, r362888
r417208, r822777
r417635, r190240
r417668, r989449
r417849, r876857
r418877, r764345
r419533, r196752
r419753, r846972
r419883, r101608
r419918, r813992
r420101, r100096
r420110, r168452
r420238, r296023
r420280, r536640
r420554, r467224
r420817, r634098
r421129, r225057
r421254, r297316
r421320, r783230
r421416, r744278
r421911, r292676
r421921, r855417
r422155, r368684
r422221, r789639
r422553, r449186
r422604, r233729
r422786, r270776
r423025, r140992
r423105, r714468
r423521, r600991
r423625, r821090
r423805, r650814
r424050, r783397
r424404, r959732
r424406, r665166
r424505, r722432
r424619, r604628
r424686, r637600
r424694, r564048
r424831, r105068
r424854, r588091
r425391, r395276
r425408, r173158
r425703, r428006
r425872, r155510
r426031, r323736
r426178, r735460
r426742, r697956
r426751, r609138
r426786, r324733
r426917, r340330
r427157, r329569
r427577, r980917
r427659, r974845
r427985, r904377
r428275, r580446
r428322, r261911
r428727, r916318
r428795, r903875
r428988, r617413
r428990, r449867
r429018, r186109
r429293, r935424
r429605, r652811
r429684, r499023
r429890, r833738
r429972, r809549
r430022, r829956
r430303, r580412
r430461, r643438
r431083, r424929
r431084, r252174
r431432, r595701
r431482, r262854
r431746, r114317
r431868, r617740
r432182, r631739
r432280, r460502
r432408, r637626
r432689, r850292
r432690, r684413
r433516, r740239
r433828, r658950
r434055, r599136
r434150, r570948
r434556, r563555
r434617, r682024
r434843, r387478
r435254, r143925
r435513, r214177
r435524, r883362
r435596, r448265
r435759, r874497
r435779, r623603
r435987, r467114
r436028, r185919
r436449, r408260
r436628, r782308
r436835, r593807
r436878, r411442
r437010, r647278
r437205, r323613
r437206, r292771
r437257, r449664
r437371, r804990
r437380, r593840
r437382, r317444
r437564, r854502
r438076, r735542
r438165, r116639
r438166, r210385
r438658, r625572
r438757, r214074
r438903, r378959
r439417, r400647
r439440, r213034
r439544, r149804
r439702, r724406
r440130, r130230
r440204, r499837
r440210, r416518
r440456, r307064
r440457, r643705
r440526, r983123
r440662, r557968
r440668, r158706
r440699, r908195
r440707, r138828
r440732, r322624
r440978, r813190
r441052, r977644
r441127, r246542
r441131, r617096
r441327, r771481
r441418, r832810
r441497, r556185
r441551, r907964
r441583, r715443
r441678, r584291
r441722, r546664
r441970, r981078
r442066, r403501
r442377, r181139
r442483, r405527
r442529, r875279
r442549, r117793
r442553, r688545
r442821, r543718
r442828, r959203
r443071, r428149
r443222, r822347
r443433, r820322
r444005, r525652
r444028, r703649
r444214, r394395
r444345, r584870
r444870, r396385
r445230, r283358
r445493, r781295
r446320, r478456
r446407, r255355
r446478, r907346
r446569, r107981
r447116, r959929
r447123, r559824
r447132, r213800
r447274, r328999
r447455, r400890
r448142, r151543
r448688, r377093
r448917, r409894
r449001, r902571
r449138, r990052
r449200, r971978
r449682, r633133
r450112, r502469
r450262, r403678
r450530, r794570
r450892, r321930
r451665, r593773
r451843, r385281
r451861, r744732
r452050, r780580
r452092, r365378
r452387, r470130
r452388, r489046
r452466, r230631
r452477, r436305
r452493, r652947
r452523, r813568
r452582, r568505
r453348, r401751
r453519, r218042
r453680, r485181
r453969, r294278
r453997, r775181
r454261, r189723
r454346, r430794
r454429, r918810
r454515, r473203
r454539, r833513
r454729, r109571
r454869, r236497
r455074, r636547
r456018, r945903
r456187, r347450
r456203, r554064
r456570, r730623
r457057, r187765
r457231, r153821
r457251, r126954
r457266, r565032
r457413, r439752
r457687, r403105
r457943, r666432
r457984, r811142
r458117, r198725
r458431, r286858
r458761, r654288
r458851, r573239
r459047, r837489
r459088, r772631
r459520, r356486
r459973, r818383
r460380, r822169
r460497, r200879
r460591, r905932
r461064, r529119
r461098, r409167
r461140, r638221
r461162, r500466
r461180, r277371
r461239, r391416
r461242, r147463
r461387, r601524
r461494, r988240
r461558, r357019
r461569, r978158
r461595, r910054
r461798, r149308
r461812, r393373
r461979, r339180
r462132, r508043
r462264, r863177
r462444, r843062
r462644, r831592
r462857, r199446
r463108, r443477
r463276, r352469
r463489, r112322
r463834, r979314
r463897, r220913
r463927, r817299
r464171, r631255
r464509, r249826
r464530, r626968
r464585, r103280
r464791, r993792
r464913, r718640
r465339, r251776
r465502, r913566
r465691, r540649
r465743, r758643
r465784, r840401
r465884, r755003
r465978, r848136
r466026, r921842
r466065, r617923
r466093, r839945
r466214, r372808
r466247, r601576
r466391, r523427
r466672, r321667
r466821, r494992
r466999, r530786
r467166, r460047
r467288, r837419
r467500, r661584
r467954, r406918
r468174, r191430
r468355, r660356
r468516, r557750
r468526, r375204
r468578, r141881
r469223, r559295
r469227, r873131
r469764, r416412
r470040, r962370
r470223, r130692
r470260, r848930
r470289, r386695
r470331, r244027
r470822, r836025
r470872, r126131
r470878, r197875
r470998, r782662
r471444, r927917
r471656, r735626
r471744, r893396
r471815, r820443
r472198, r870500
r472406, r195472
r472752, r321729
r472815, r524410
r473015, r966280
r473119, r994129
r473145, r943897
r473180, r657043
r473493, r865191
r473677, r465344
r473814, r365119
r473990, r143613
r474607, r260882
r475379, r654285
r475385, r669622
r475732, r975925
r475912, r894660
r475927, r592607
r476025, r342919
r476448, r758342
r476617, r898814
r476738, r490444
r476757, r784763
r476771, r428678
r477009, r832724
r477221, r103572
r477255, r837004
r477329, r743814
r477503, r429084
r477535, r754092
r477651, r795535
r478046, r557567
r478084, r812521
r478154, r556218
r478193, r295699
r478636, r230651
r478655, r841605
r479241, r960566
r479507, r491721
r479711, r487422
r479973, r127484
r480012, r112950
r480333, r885098
r480467, r526071
r480515, r795055
r480519, r266876
r480581, r917286
r480594, r140664
r480876, r517870
r481414, r959836
r481453, r957362
r481631, r406633
r481812, r184768
r481858, r985129
r481866, r704306
r481923, r764054
r482113, r857307
r482212, r987852
r482623, r755893
r482835, r788120
r483096, r224991
r483188, r536477
r483461, r358512
r483574, r336049
r484281, r724001
r484561, r150903
r484673, r905140
r484886, r566973
r485074, r751535
r485139, r917744
r485166, r136523
r485199, r312930
r485385, r248398
r485558, r953467
r486014, r568507
r486367, r405796
r486401, r115644
r486760, r198816
r486994, r147110
r487076, r274976
r487251, r413677
r487440, r415195
r487554, r272085
r487695, r942018
r487921, r259451
r488291, r803043
r488337, r197628
r488342, r743237
r488379, r768916
r488426, r807127
r488601, r296732
r488860, r570746
r488893, r608710
r489167, r538704
r489307, r280614
r489372, r218658
r489602, r126435
r489738, r326809
r489810, r875378
r489816, r503587
r489967, r943508
r490269, r362534
r490375, r733052
r490478, r456157
r491047, r969732
r491134, r286885
r491208, r964642
r491432, r966065
r491611, r716590
r491738, r488911
r492737, r817398
r493060, r809256
r493140, r960226
r493373, r411944
r494377, r173475
r494655, r371793
r494753, r358614
r494855, r536292
r494872, r883168
r495100, r344501
r495231, r476539
r495442, r128805
r495814, r327675
r495846, r443831
r495913, r630817
r495962, r874648
r496105, r346680
r496513, r658049
r496521, r376712
r496525, r720903
r496618, r272892
r496753, r315527
r496843, r593226
r496871, r776786
r497219, r706661
r497226, r633655
r497377, r623947
r497449, r976417
r497869, r146789
r497934, r519573
r498119, r532594
r498433, r296303
r498456, r737585
r498595, r473441
r498775, r498457
r498792, r284477
r498808, r379010
r498814, r113135
r498879, r156680
r499022, r117939
r499812, r120138
r500547, r614255
r500577, r738347
r500639, r288526
r500721, r668374
r501070, r266511
r501856, r998241
r501874, r878937
r502102, r582054
r502120, r849323
r502135, r301091
r502318, r197867
r502483, r838033
r502645, r992203
r502903, r713025
r503003, r166955
r503048, r917592
r503053, r296362
r503149, r717238
r503312, r948179
r503490, r205013
r503517, r306901
r503617, r607592
r503707, r333731
r504265, r678535
r504387, r704974
r504663, r330843
r504843, r904009
r505366, r237557
r505792, r240249
r506109, r389684
r506125, r606655
r506166, r163111
r506807, r785957
r506875, r261133
r507150, r804850
r507353, r158234
r507432, r982552
r507597, r934504
r507728, r511835
r507765, r110579
r508217, r507904
r508374, r695608
r508561, r826098
r508768, r324651
r508789, r661710
r508920, r511898
r509377, r865529
r509667, r521362
r509680, r375633
r509914, r853022
r510067, r922798
r510321, r787045
r510425, r889473
r510508, r422312
r510702, r805749
r510754, r298632
r510830, r329845
r511039, r436738
r511047, r616954
r511095, r250146
r511430, r781869
r511636, r314885
r511771, r789212
r512025, r628472
r512351, r841760
r512825, r857407
r513347, r390470
r513385, r482070
r513754, r102810
r513889, r451055
r513926, r862412
r514016, r566903
r514050, r769101
r514295, r427198
r514307, r850855
r514426, r380521
r514499, r806443
r514579, r129607
r514655, r812080
r514916, r808085
r514947, r496407
r514954, r880680
r514956, r174947
r514985, r135362
r515465, r119423
r515540, r994068
r515625, r205558
r515756, r469387
r515944, r126173
r515983, r375321
r516032, r880381
r516074, r965031
r516229, r156514
r516250, r592934
r516600, r948750
r516952, r247957
r516980, r854301
r517058, r236284
r517107, r198829
r517185, r788899
r517617, r544213
r517698, r534988
r517740, r802603
r517864, r900278
r517890, r125629
r518204, r903332
r518458, r656722
r518536, r371784
r518678, r347017
r519331, r401670
r519372, r823377
r519506, r931057
r519770, r538204
r519946, r426404
r520100, r652020
r520230, r114297
r520297, r773185
r520409, r596957
r520425, r844199
r520557, r936285
r520571, r742087
r521250, r254569
r521270, r324993
r521576, r613020
r521658, r767634
r521772, r758588
r522493, r867466
r523056, r717975
r523175, r110756
r523272, r986475
r523394, r821378
r523432, r160062
r523516, r153390
r523557, r200120
r523836, r551126
r523977, r381758
r524013, r112323
r524138, r648700
r524622, r339922
r524737, r586616
r524941, r902771
r524962, r482315
r525066, r973645
r525424, r408647
r525575, r496974
r525710, r467594
r525825, r716505
r525899, r596802
r525941, r206825
r525984, r614379
r526063, r512093
r526258, r309999
r526528, r842707
r526760, r224386
r527002, r323078
r527133, r370802
r527478, r551076
r527537, r839505
r527884, r128622
r528494, r802127
r528745, r935179
r528754, r272555
r529015, r818126
r529553, r856012
r529970, r247061
r530048, r116044
r531038, r932248
r531110, r401238
r531142, r201631
r531190, r171562
r531260, r134125
r531362, r493561
r531545, r227432
r531753, r209248
r531840, r117579
r532524, r892105
r532977, r175180
r533433, r736694
r534055, r800233
r534155, r380553
r534178, r286481
r534245, r652782
r534294, r420799
r534656, r536898
r534747, r255235
r534766, r609805
r534771, r333943
r534797, r442540
r534920, r879014
r535086, r233461
r535133, r518574
r535177, r739184
r535208, r200797
r535533, r193069
r535697, r955211
r535886, r200708
r536406, r719453
r536504, r972469
r536512, r198923
r537091, r439765
r537156, r926298
r537331, r922991
r537353, r530571
r537718, r268102
r539062, r976979
r539065, r927063
r539202, r880513
r539324, r388429
r539538, r168482
r539592, r131105
r540382, r644180
r540418, r175996
r540789, r302576
r540830, r919282
r540912, r996602
r541330, r396833
r541564, r542557
r541571, r620499
r541852, r876538
r541913, r586907
r541926, r445933
r542021, r368973
r542100, r861902
r542133, r509127
r542333, r529525
r542347, r382169
r542388, r988675
r542469, r646583
r542474, r536577
r542483, r536094
r542726, r477928
r542740, r740185
r542755, r863846
r542962, r736783
r543108, r327847
r543577, r517125
r543622, r467862
r543789, r896156
r543994, r655836
r544112, r586707
r544236, r641660
r544463, r851699
r544809, r882274
r544892, r169234
r544937, r257761
r545274, r965055
r545361, r173052
r545380, r226477
r545393, r988995
r545558, r767899
r545612, r817120
r545700, r544452
r545741, r989817
r545776, r234429
r545856, r659320
r545888, r250737
r545931, r446103
r546110, r264909
r546211, r185288
r546223, r149669
r546278, r232356
r546342, r231599
r547195, r405354
r547197, r902696
r547431, r216355
r547481, r730979
r547608, r977124
r547714, r592243
r547817, r975258
r547835, r967747
r547859, r336649
r547934, r491088
r548182, r227388
r548409, r186590
r548723, r712945
r548798, r269823
r548822, r229657
r548871, r770509
r548999, r484478
r549291, r196514
r549408, r315459
r549723, r441719
r550167, r934535
r550800, r926548
r551009, r457978
r551219, r770987
r551363, r267769
r551407, r576944
r551428, r889359
r551612, r486244
r551687, r250990
r551863, r543586
r552308, r336692
r552417, r346289
r553237, r701619
r553260, r937668
r553415, r205751
r553676, r225393
r554335, r712555
r554356, r987551
r554446, r761304
r554766, r396990
r554917, r787343
r555171, r285853
r555346, r420963
r555781, r414486
r556065, r831807
r556222, r374412
r556237, r384919
r556275, r748938
r556371, r869021
r556615, r236129
r556691, r174239
r556914, r338519
r557521, r757224
r557594, r354870
r557643, r622377
r557798, r940033
r557959, r195832
r558052, r166105
r558202, r503764
r558660, r814186
r558725, r871152
r558853, r452177
r558856, r829420
r559140, r732068
r559211, r599032
r559520, r402318
r559595, r508989
r559624, r273869
r559831, r598579
r560014, r872536
r560187, r913851
r560239, r548921
r560256, r899998
r560291, r293434
r560501, r707413
r560915, r986982
r561109, r135738
r561231, r793191
r561459, r239737
r561478, r811342
r561545, r867118
r561679, r583283
r562329, r163320
r562710, r952543
r562759, r109717
r562880, r853340
r563157, r740144
r563250, r379785
r563254, r777223
r563287, r123556
r563519, r769947
r563676, r213904
r563896, r633318
r564083, r973543
r564229, r588020
r564572, r198946
r564585, r740195
r564757, r103386
r565034, r449711
r565045, r384484
r565167, r116664
r565495, r506637
r565793, r833239
r566603, r743311
r566693, r926630
r566786, r668297
r567023, r580053
r567283, r647608
r567314, r727295
r567316, r913847
r567393, r560105
r567404, r685551
r567548, r800334
r567689, r466811
r567740, r223637
r567855, r972768
r568296, r458405
r568327, r776105
r568336, r676609
r568373, r651509
r568433, r301903
r568438, r188031
r568661, r446739
r568669, r363705
r569061, r626481
r569093, r899675
r570104, r422706
r570564, r127290
r570893, r602447
r571161, r322256
r571412, r183995
r571413, r736829
r571958, r535637
r572088, r539952
r572098, r490245
r572159, r966868
r572213, r943202
r572271, r825211
r572483, r896319
r572523, r446088
r572655, r274182
r572773, r930962
r572796, r304444
r573052, r567322
r573159, r824108
r573192, r639695
r573212, r258304
r573494, r954479
r573854, r974605
r573914, r307372
r574138, r591927
r574167, r643173
r574178, r527480
r574181, r767746
r574488, r522721
r574654, r691553
r574660, r824676
r574671, r249503
r574999, r430238
r575471, r148037
r575508, r170615
r575558, r702774
r575811, r261197
r575897, r958276
r575913, r600892
r576015, r669885
r576044, r971780
r576260, r329862
r576400, r498271
r576437, r753782
r576541, r306331
r576726, r625354
r576772, r691758
r576893, r222320
r577258, r954417
r577444, r734847
r577857, r906574
r578834, r483870
r579059, r627088
r579595, r566749
r579605, r439993
r579891, r399438
r579897, r623475
r580307, r393594
r580899, r289471
r580963, r178191
r580970, r321992
r580979, r839519
r581138, r151305
r581436, r561992
r581639, r801231
r581640, r710612
r581766, r137607
r581877, r586512
r581968, r364851
r582695, r250966
r582719, r447673
r582875, r701916
r582923, r731600
r583102, r584347
r583222, r202982
r583265, r106076
r583343, r639103
r583358, r766648
r583936, r525070
r584045, r827536
r584142, r805858
r584492, r169068
r584625, r629361
r584697, r880426
r584760, r238399
r584803, r179085
r585229, r788574
r585234, r292858
r585275, r813223
r585657, r690238
r585770, r230079
r585772, r245297
r585793, r299019
r585953, r233791
r586046, r222030
r586194, r867698
r586239, r282618
r587433, r630617
r587508, r613716
r587569, r260990
r587574, r583247
r587996, r805072
r588045, r610615
r588129, r337888
r588151, r861390
r588219, r927779
r588567, r747579
r588639, r568412
r588841, r439425
r588922, r675506
r588963, r878565
r589151, r396428
r589370, r383092
r589424, r603348
r589700, r418205
r589917, r559734
r590282, r167024
r590305, r972902
r590514, r118059
r590581, r871470
r590722, r255171
r590835, r477919
r591049, r844681
r591277, r152739
r591357, r281451
r591744, r128746
r591847, r419627
r591907, r732993
r591957, r345178
r591983, r776842
r592312, r375625
r592422, r258578
r592623, r666272
r593035, r123469
r593456, r458965
r593532, r160167
r593946, r782952
r594178, r265354
r594315, r240698
r594750, r716430
r594834, r850260
r595516, r197223
r595608, r132687
r596228, r274375
r596282, r797966
r596352, r156816
r596686, r905242
r596959, r547993
r597193, r361764
r597349, r197881
r597381, r529422
r597442, r207459
r597475, r313468
r597476, r886651
r597486, r940028
r597487, r718200
r597601, r242925
r597779, r984561
r597942, r147368
r597957, r968696
r597990, r216797
r598111, r182177
r598236, r592954
r598360, r741813
r598387, r904137
r598515, r446351
r598549, r856235
r598744, r182147
r599033, r479310
r599143, r563518
r599609, r623176
r599712, r432706
r600685, r632489
r600904, r212929
r601019, r205988
r601072, r654119
r601084, r972917
r601224, r661206
r601729, r101300
r601734, r460396
r601824, r812163
r602136, r748455
r602489, r995006
r602658, r307269
r602844, r888852
r602981, r626356
r603026, r435505
r603387, r262001
r603464, r377738
r603626, r390773
r603783, r678014
r604185, r711509
r604186, r513410
r604272, r124865
r604845, r614390
r605253, r620443
r605269, r600690
r605274, r393501
r605288, r796871
r605289, r500679
r605357, r271566
r606034, r894121
r606105, r410784
r606116, r994325
r606138, r127238
r606214, r645814
r606381, r530394
r606501, r671399
r606526, r955700
r606698, r104704
r606859, r433265
r606899, r299832
r606921, r206488
r607308, r451656
r607446, r441438
r607604, r776020
r607857, r783381
r608150, r830605
r608428, r300291
r608444, r856838
r608646, r864859
r608733, r411731
r608866, r576562
r608936, r252098
r608951, r441958
r608988, r314624
r609151, r621657
r609480, r743580
r609485, r567037
r609559, r350868
r609567, r896641
r609630, r414008
r609666, r147799
r609670, r947358
r610701, r444168
r610824, r123976
r610848, r151244
r611089, r217009
r611391, r112176
r611544, r926986
r611596, r184360
r612053, r221359
r612070, r364741
r612102, r614383
r612253, r275921
r612483, r415782
r612507, r341550
r612517, r313359
r612534, r940916
r612928, r459470
r613030, r718672
r613103, r318636
r613140, r622099
r613525, r655730
r613573, r300102
r613724, r105309
r613822, r561806
r613893, r696031
r614075, r790106
r614294, r551429
r614436, r951529
r614479, r840362
r614878, r364464
r614880, r146320
r614956, r964318
r615237, r563170
r615312, r105458
r615964, r649200
r616047, r363093
r616103, r321951
r616147, r525547
r616157, r565239
r616239, r846060
r616468, r589478
r616490, r208521
r616501, r819867
r616621, r386920
r616732, r694286
r617051, r163991
r617229, r759648
r617239, r606978
r617530, r687204
r617619, r699066
r617724, r432563
r617783, r545749
r618030, r671724
r618167, r506186
r618507, r759777
r618692, r355650
r618720, r596688
r618808, r343027
r618813, r537151
r619046, r672779
r619060, r790926
r619096, r521481
r619149, r398377
r619194, r548911
r619411, r323966
r619421, r691897
r619733, r923278
r619953, r157396
r620233, r219656
r620393, r993726
r620532, r817029
r620780, r355637
r620907, r658804
r621102, r748727
r621509, r529063
r621759, r439700
r621960, r423101
r621965, r461540
r622076, r688564
r622225, r652583
r622294, r794230
r622325, r537488
r622533, r584678
r622715, r989890
r622869, r523707
r622943, r326564
r623088, r778553
r623136, r168566
r623198, r867553
r623207, r289117
r623410, r590764
r623731, r152012
r624068, r296501
r624313, r760433
r624382, r439876
r624507, r170861
r624599, r737404
r624851, r809846
r624967, r744741
r624995, r602878
r625221, r808457
r625229, r649835
r625330, r458635
r625738, r608691
r625991, r866666
r626533, r218428
r626817, r456423
r627096, r914472
r627217, r952041
r627244, r824653
r627556, r886776
r627800, r181766
r627838, r912936
r627846, r393685
r627860, r307244
r627896, r618314
r628083, r543926
r628090, r990554
r628228, r775306
r628591, r337223
r628674, r216366
r628871, r149656
r628891, r885274
r628906, r287932
r628965, r347642
r629255, r772022
r629364, r647096
r629405, r344197
r629409, r603017
r629655, r984296
r629773, r792622
r630128, r637448
r630156, r563036
r630544, r982826
r630941, r185058
r630976, r196724
r631271, r446553
r631375, r310616
r632042, r996213
r632170, r697116
r632585, r218669
r632640, r659561
r632885, r327670
r633114, r598203
r633320, r132618
r633432, r593408
r633621, r209521
r634224, r247613
r634229, r646444
r634317, r497036
r634525, r911212
r634543, r660997
r635106, r762795
r635533, r835398
r635572, r276217
r635766, r665361
r635880, r736440
r636106, r572902
r636120, r406022
r636142, r622026
r636218, r267775
r636307, r372065
r636414, r616460
r636813, r971257
r636989, r578177
r637065, r183539
r637328, r854799
r637625, r312806
r637853, r937863
r637902, r933317
r638011, r534045
r638394, r614530
r638620, r600098
r638782, r567941
r638907, r721853
r638931, r147722
r639225, r737286
r639255, r304435
r639479, r590844
r640021, r228758
r640070, r305938
r640220, r306008
r640292, r566444
r640434, r656186
r640474, r743282
r640501, r708294
r640860, r558109
r641001, r158220
r641003, r232768
r641106, r818144
r641189, r766588
r641217, r554364
r641279, r495013
r641985, r210359
r642061, r494473
r642095, r235961
r642135, r697119
r642912, r578917
r642961, r263809
r643071, r150940
r643079, r244154
r643089, r477682
r643422, r836435
r643742, r299265
r643875, r311516
r643981, r263905
r644028, r918745
r644216, r813566
r644256, r367809
r644348, r686844
r644443, r945710
r644527, r337823
r644564, r395786
r644598, r580716
r644701, r692769
r644738, r348422
r644934, r952075
r644960, r464524
r645089, r108316
r645099, r990776
r645106, r772291
r645466, r164083
r645586, r656122
r645618, r506513
r645735, r814592
r646013, r617061
r646320, r637112
r646519, r561318
r646597, r554273
r646699, r889253
r646785, r588900
r646861, r563237
r646970, r701101
r647106, r423006
r647249, r727209
r647320, r798989
r647338, r226338
r647672, r844458
r647745, r646934
r648248, r712987
r648306, r971107
r648557, r725669
r648726, r841213
r648741, r725961
r649068, r574328
r649108, r635458
r649550, r234032
r649598, r913224
r650061, r536187
r650184, r255080
r650272, r833149
r650301, r236297
r650316, r451258
r650344, r197143
r650535, r568528
r650655, r667995
r650856, r983535
r650917, r410741
r650935, r550088
r651132, r665455
r652120, r220123
r652153, r748994
r652313, r730111
r652326, r480473
r652776, r984273
r653097, r170812
r653632, r768738
r653749, r904832
r653800, r753582
r653802, r811828
r654031, r909345
r654193, r646537
r654264, r815878
r654644, r461083
r654742, r230295
r654926, r847517
r654964, r359178
r654986, r466419
r655042, r257754
r655156, r680237
r655665, r852845
r655921, r854046
r655981, r434524
r655994, r287885
r656149, r786016
r656179, r644332
r656202, r506622
r656248, r453967
r656411, r240668
r656463, r621682
r656761, r977942
r656772, r411078
r656856, r612694
r656864, r472014
r656958, r820589
r656966, r202512
r657133, r955006
r657417, r961903
r657421, r157162
r657712, r252259
r657866, r429805
r658267, r717357
r658484, r541657
r658785, r606193
r659381, r661508
r659443, r866312
r659927, r830710
r660022, r386053
r660164, r193662
r660465, r746661
r660919, r675987
r660989, r819360
r661114, r751434
r661215, r976098
r661532, r669679
r661827, r780011
r661967, r454813
r662120, r675934
r662427, r437273
r662482, r152348
r662854, r981789
r663156, r552431
r663171, r793391
r663491, r699483
r663505, r197373
r663567, r899682
r663651, r500969
r663671, r684503
r663845, r967725
r663852, r102059
r663854, r479101
r664023, r448878
r664072, r588295
r664096, r309514
r664142, r801940
r664390, r309725
r664545, r810727
r664655, r195388
r664923, r804856
r665266, r143464
r665421, r104993
r665587, r973165
r666008, r555757
r666554, r899071
r666590, r255082
r666654, r955236
r666738, r447354
r666897, r817020
r666923, r858116
r667068, r158868
r667136, r310805
r667295, r515089
r667397, r990655
r667527, r546710
r667544, r395363
r667777, r346659
r668011, r682669
r668075, r919149
r668180, r576710
r668677, r482240
r668786, r974683
r669123, r755011
r669297, r356037
r669498, r130995
r669676, r733635
r669788, r356915
r669821, r244589
r670482, r866416
r670673, r450404
r670839, r919532
r670924, r307582
r671619, r856117
r671717, r259996
r671961, r257194
r672010, r186348
r672052, r100111
r672157, r103190
r672496, r415681
r672677, r615968
r672837, r537124
r673522, r301930
r673593, r236444
r673607, r478903
r673634, r122656
r673718, r104015
r673780, r657335
r673817, r802084
r673861, r439249
r674553, r352396
r674585, r971410
r674915, r455949
r674968, r751722
r674996, r684498
r675723, r969782
r675818, r966858
r675864, r972191
r675996, r322673
r676178, r709500
r676426, r257483
r676836, r692891
r676977, r315833
r677255, r826070
r677370, r897945
r677568, r721087
r678192, r341416
r678302, r753463
r678593, r999892
r679121, r812322
r679132, r243484
r679317, r863856
r679552, r134679
r679604, r132963
r679680, r985988
r679804, r824503
r679850, r187587
r679895, r756130
r679947, r804865
r680498, r281477
r680919, r254142
r681030, r131100
r681441, r457128
r681811, r405452
r681844, r639713
r682006, r918632
r682186, r796711
r682301, r814373
r682557, r530416
r682635, r215328
r682779, r936256
r682957, r983894
r683163, r388786
r683289, r813403
r683637, r411623
r683688, r355195
r683948, r803783
r684152, r555738
r684418, r162438
r684742, r878930
r684791, r786628
r684810, r497770
r685289, r553266
r685458, r292107
r685623, r728843
r685813, r451981
r685973, r359432
r686109, r179222
r686771, r114192
r687232, r352716
r687603, r303395
r687637, r551153
r688143, r106878
r688350, r662386
r688445, r484771
r688460, r508925
r688557, r425804
r688701, r307632
r688736, r540541
r688737, r266715
r688946, r900441
r689011, r903191
r689223, r325752
r689304, r157318
r689444, r683329
r689487, r910945
r689494, r738236
r690023, r130706
r690031, r689527
r690056, r888638
r690188, r174816
r690235, r142682
r690598, r493031
r690725, r733711
r690748, r888200
r690838, r266459
r690877, r183588
r691320, r987754
r691465, r413840
r691626, r149360
r691716, r932485
r691803, r685902
r691978, r849054
r692157, r625989
r692185, r974627
r692193, r191438
r692259, r228910
r692725, r348896
r693096, r457722
r693307, r792493
r693853, r505202
r694015, r981033
r694099, r263791
r694294, r701420
r694330, r852694
r694519, r828588
r694907, r221461
r695026, r634376
r695323, r900955
r695429, r757520
r695709, r810090
r695847, r269377
r695896, r315045
r696034, r420009
r696089, r898655
r696172, r709670
r696196, r424696
r696325, r370322
r696417, r764831
r696710, r762114
r697421, r539475
r697496, r205923
r697507, r573248
r697529, r949042
r697686, r307896
r697813, r715729
r698413, r824992
r698743, r804846
r698958, r273102
r699343, r333207
r699476, r697230
r699742, r867822
r699796, r378771
r699923, r831823
r700283, r335410
r700741, r967619
r700765, r782256
r700931, r400124
r701239, r245039
r701285, r202371
r701524, r974236
r701641, r525485
r701823, r145318
r701974, r511296
r701985, r162636
r702012, r640112
r702097, r119640
r702207, r742651
r702265, r893868
r702345, r209557
r702912, r252899
r702980, r687871
r703124, r522116
r703174, r775149
r703181, r892903
r703320, r472584
r703455, r296344
r703848, r254713
r703962, r953948
r704121, r305870
r704280, r367276
r704318, r907428
r704332, r915379
r704481, r324083
r704550, r693798
r704592, r176496
r704682, r860980
r704725, r753450
r704942, r202337
r705189, r221701
r705289, r481381
r705584, r284371
r705646, r714620
r705709, r774123
r706083, r709894
r707359, r634457
r707416, r348713
r707426, r711419
r707650, r371000
r707826, r432278
r708059, r882118
r708249, r773907
r708767, r349463
r709243, r724925
r709258, r734652
r709321, r145796
r709597, r358029
r710173, r247883
r710814, r294633
r710828, r396600
r710953, r454439
r711183, r352354
r711489, r459688
r711512, r574949
r711873, r109629
r711939, r610198
r711971, r990425
r712261, r978514
r712271, r618011
r713272, r240498
r713275, r168740
r713305, r105060
r713313, r603101
r713370, r187340
r713672, r782783
r713801, r448160
r714231, r997337
r714235, r190595
r714264, r149038
r714300, r352203
r714449, r844257
r714506, r619969
r714634, r716660
r714810, r494603
r714830, r201004
r714836, r685351
r714881, r961325
r715016, r810950
r715039, r472212
r715084, r217411
r715166, r619208
r715168, r823298
r715751, r463313
r715798, r159241
r715812, r514373
r716050, r248215
r716078, r103212
r716210, r497881
r716466, r175308
r716864, r297550
r717026, r371016
r717067, r431851
r717364, r467473
r717678, r839215
r717768, r574150
r717957, r917986
r717984, r468670
r718090, r607006
r718496, r999127
r718690, r893971
r718709, r657808
r718731, r298976
r718746, r306502
r718877, r140404
r719590, r210207
r719723, r508653
r719861, r170514
r720014, r952413
r720095, r713022
r720398, r641970
r720437, r669764
r720460, r361791
r720504, r657350
r721063, r412384
r721120, r239592
r721164, r994184
r721204, r809400
r721317, r401419
r721333, r247146
r721532, r833713
r721706, r853348
r721754, r321190
r721953, r418889
r722659, r726272
r722693, r574701
r723292, r656172
r723398, r485700
r723418, r913175
r723455, r655800
r723683, r278452
r723761, r579435
r723825, r580865
r723966, r548217
r724566, r391683
r724734, r108972
r724797, r174916
r724855, r470926
r725089, r624627
r725136, r274577
r725174, r245688
r725191, r487230
r725283, r524468
r725314, r455909
r725354, r245980
r725476, r248583
r725530, r324943
r725671, r244184
r725695, r654270
r725735, r640015
r725812, r623358
r726019, r464014
r726338, r274571
r726740, r452318
r727076, r564371
r727135, r782264
r727312, r481844
r727571, r351931
r727874, r957624
r728008, r531647
r728154, r866218
r728283, r792204
r728365, r189777
r728648, r720736
r728746, r661401
r728814, r129241
r728816, r519239
r728858, r142274
r728960, r585077
r729572, r387827
r730125, r755269
r730244, r130374
r730257, r778619
r730430, r810643
r730556, r279844
r731151, r817974
r731217, r495300
r731222, r875188
r731405, r506028
r731513, r153590
r731862, r255003
r731967, r780800
r732105, r434318
r732138, r290602
r732225, r701886
r732266, r177890
r732510, r781024
r732739, r623301
r732904, r562590
r732956, r418190
r733783, r478159
r733784, r634933
r733789, r997640
r733979, r925218
r734040, r232297
r735318, r384381
r735536, r995357
r735550, r457363
r735883, r598093
r735886, r818245
r736006, r595181
r736012, r679164
r736261, r850750
r736472, r813507
r736858, r244989
r736984, r509817
r737174, r559974
r737403, r303157
r737597, r901724
r737758, r735677
r738233, r579301
r738261, r810789
r738589, r827790
r738891, r372724
r738896, r887629
r739035, r973230
r739045, r967973
r739086, r606825
r739627, r181389
r739904, r898638
r739945, r990446
r740105, r935514
r740359, r721914
r741591, r227214
r741681, r422982
r742059, r426656
r742156, r235767
r742362, r109559
r742419, r903569
r742525, r766272
r742754, r776597
r742785, r410275
r742899, r610418
r742901, r211603
r742920, r270692
r742931, r548432
r742955, r324169
r743277, r392428
r743315, r529351
r743434, r622510
r743471, r866092
r743530, r147962
r743961, r588303
r744024, r289986
r744105, r734377
r744238, r543413
r744595, r773033
r744838, r924580
r744998, r931759
r745020, r947532
r745049, r686201
r745152, r874698
r745289, r765542
r745404, r117633
r745781, r501441
r745968, r778004
r745990, r712077
r746428, r345935
r746493, r732517
r746506, r948717
r746710, r915067
r747005, r209450
r747023, r987042
r747303, r471906
r747662, r383850
r747943, r525288
r748026, r866560
r748469, r786211
r748830, r113863
r749013, r452133
r749033, r958673
r749262, r744612
r749467, r416770
r749618, r928398
r749792, r249116
r749811, r494978
r749903, r696161
r749982, r758453
r749988, r995140
r750244, r279925
r750301, r842026
r750362, r122302
r750439, r181121
r750473, r315264
r750508, r277539
r750986, r689894
r751285, r521598
r751334, r337057
r751418, r410774
r751501, r820023
r752028, r274446
r752654, r373794
r753020, r349959
r753119, r364782
r753484, r177467
r753540, r937720
r753638, r312820
r753697, r218696
r753817, r693918
r754065, r956269
r754078, r255277
r754352, r987167
r754573, r474177
r754743, r919459
r754847, r637673
r754923, r173508
r755286, r731837
r755368, r642926
r755498, r626057
r755524, r947904
r755624, r251596
r755683, r564392
r755862, r355374
r755916, r445494
r755987, r424098
r756074, r520385
r756204, r604425
r756588, r511425
r756638, r660696
r756693, r845370
r756916, r802383
r757480, r102416
r758006, r635631
r758308, r431933
r758349, r447333
r758376, r985874
r758408, r127628
r759223, r814566
r759285, r149806
r759407, r375454
r759537, r802725
r759554, r438437
r759579, r105635
r760182, r942868
r760190, r639589
r760237, r929499
r760548, r711614
r760629, r802327
r761133, r878214
r761252, r188389
r761481, r434668
r761639, r577905
r761736, r141376
r761800, r796295
r761898, r519193
r762238, r198681
r762332, r561764
r762413, r637685
r762564, r944017
r762689, r162912
r762885, r887561
r762942, r398775
r762990, r848603
r763168, r246809
r763515, r496460
r763530, r864596
r763639, r546371
r763734, r207430
r763793, r578956
r764133, r916716
r764148, r486332
r764664, r791666
r765068, r254599
r765258, r681210
r765325, r225328
r765356, r661661
r765526, r146575
r765564, r966789
r766183, r358005
r766377, r607441
r766798, r897162
r766843, r703893
r767038, r494192
r767149, r486508
r767336, r642808
r767486, r286012
r767589, r675693
r768065, r136116
r768126, r195637
r768270, r664153
r768746, r957087
r768759, r852404
r768807, r717107
r768977, r503225
r769035, r748387
r769040, r960791
r769065, r328384
r769200, r774819
r769309, r456743
r769315, r147280
r769543, r478979
r769553, r413241
r769632, r565974
r769813, r222085
r770137, r375789
r770267, r314452
r770292, r185726
r770477, r744317
r770558, r304664
r770641, r107101
r770688, r259626
r770749, r517624
r770760, r503872
r770840, r767400
r770975, r535659
r771315, r992725
r771333, r237146
r771516, r284352
r771523, r143043
r771527, r622800
r771550, r253977
r771562, r503405
r771594, r744884
r771626, r104487
r771640, r766164
r771848, r416416
r772036, r608765
r772151, r348569
r772260, r210444
r772285, r655421
r772528, r897512
r772536, r298088
r773060, r797308
r773212, r200396
r773355, r455197
r773520, r833426
r774019, r787704
r774158, r877128
r774356, r591094
r774450, r768728
r774630, r984415
r774990, r525862
r775570, r909979
r775627, r272313
r775790, r755010
r775797, r433945
r775865, r876373
r776175, r305226
r776436, r449719
r776550, r881647
r776590, r612091
r776673, r241605
r777327, r825620
r777336, r104690
r777677, r127016
r777955, r205396
r778170, r697224
r778175, r316854
r778209, r127906
r778462, r299073
r778558, r218021
r778731, r297903
r778761, r435569
r778925, r203525
r779027, r100911
r779067, r684702
r779224, r826351
r779424, r727364
r780020, r100205
r780102, r715646
r780231, r854652
r780335, r439958
r780425, r644297
r780725, r982337
r780928, r399985
r780969, r453099
r781050, r887980
r781151, r207444
r781186, r502621
r781189, r329220
r781255, r896109
r781414, r304650
r781678, r149285
r781896, r184495
r781918, r591400
r781977, r937771
r782367, r986039
r782420, r128724
r782612, r426166
r782772, r707392
r783080, r745428
r783860, r290587
r783989, r359486
r784179, r408440
r784411, r908465
r784612, r836521
r784643, r667900
r784655, r917950
r784722, r401229
r784803, r652757
r785020, r320421
r785110, r202710
r785418, r655724
r785468, r560053
r785780, r233170
r785830, r409204
r785845, r360973
r786200, r651551
r786630, r457335
r786876, r379475
r787230, r401425
r787376, r953503
r787525, r760502
r787612, r443654
r787782, r206154
r787900, r245527
r787966, r248493
r788023, r291604
r788216, r116506
r788269, r898273
r788600, r622846
r788825, r995067
r789059, r130410
r789127, r746025
r789241, r866484
r789318, r148046
r789534, r486823
r789666, r789813
r789751, r326696
r789768, r643349
r789809, r836448
r789960, r439226
r789984, r979148
r790079, r554713
r790424, r760656
r790433, r950859
r790605, r814395
r791150, r571333
r791503, r398644
r791515, r183627
r791584, r955127
r791712, r241247
r791986, r771944
r792076, r306894
r792194, r299563
r792196, r441792
r792736, r863841
r793040, r106195
r793242, r775700
r793466, r447478
r793543, r993382
r793547, r945961
r793677, r464150
r794009, r253138
r794196, r220970
r794225, r104837
r794347, r470913
r794452, r296621
r794671, r523831
r794941, r256311
r795153, r795434
r795330, r164150
r795562, r835948
r795687, r620709
r795761, r285474
r795773, r815283
r796107, r532576
r796141, r853810
r796190, r806891
r796229, r887435
r796275, r283526
r796316, r866580
r796323, r750313
r796481, r799116
r796500, r166563
r796560, r989014
r796776, r907634
r797159, r424272
r797378, r452089
r797385, r725831
r797480, r281939
r797689, r492414
r797694, r618648
r797996, r185865
r798104, r327530
r798347, r922082
r798373, r171758
r798429, r443746
r798486, r524218
r798496, r957874
r799048, r590660
r799173, r309702
r799324, r779627
r799343, r259146
r800213, r971858
r800239, r709129
r800242, r937657
r801504, r842817
r802245, r592608
r802442, r585531
r802452, r109900
r802456, r502499
r802871, r670791
r803180, r655430
r803255, r404267
r803293, r145761
r803330, r535627
r803440, r911406
r803514, r111094
r803649, r967053
r803673, r525207
r804156, r870469
r804381, r251977
r804530, r680478
r805732, r763708
r805799, r563073
r805974, r708368
r806011, r755761
r806224, r126107
r806296, r694795
r806313, r444694
r806525, r917105
r806776, r746290
r806965, r449686
r807165, r652739
r807627, r172166
r807692, r657311
r807955, r638455
r807992, r327433
r808092, r489931
r808901, r138951
r809099, r285194
r809122, r392725
r809141, r375843
r809219, r110359
r809254, r272286
r809858, r374479
r810117, r752666
r810179, r518387
r810624, r950949
r810788, r406053
r810829, r139728
r811105, r452009
r811145, r796832
r811258, r580310
r811266, r637887
r811580, r641276
r811596, r630895
r811740, r857579
r812110, r715464
r812364, r829784
r812393, r808117
r812843, r186358
r812905, r928082
r812942, r892943
r812946, r816528
r813456, r518352
r813508, r140812
r813729, r596088
r813809, r459652
r813838, r776537
r813840, r579969
r814268, r955282
r814825, r880180
r814837, r933396
r815288, r121395
r815539, r419341
r815730, r536435
r815765, r422656
r815768, r209899
r815880, r297541
r816289, r647602
r816293, r897649
r816352, r313714
r816480, r979124
r816499, r769482
r816626, r542266
r816839, r185910
r817055, r312949
r817076, r536759
r817250, r231301
r817397, r856771
r817516, r736035
r818009, r351868
r818438, r301227
r818625, r277697
r818682, r470602
r818727, r574544
r818745, r126700
r819588, r926855
r819977, r708365
r821107, r253040
r821342, r620143
r821484, r159910
r821580, r996559
r821957, r523771
r822114, r354592
r822228, r113230
r822349, r116175
r822409, r617748
r822907, r502949
r823230, r372260
r823494, r588408
r823576, r152380
r823892, r495296
r824431, r942838
r824490, r542231
r824506, r174831
r824624, r591749
r824693, r883280
r825022, r869784
r825150, r828494
r825554, r539027
r825597, r772412
r825712, r110549
r825955, r638736
r826029, r187631
r826140, r977199
r826216, r449156
r826406, r611509
r826568, r802512
r826620, r799765
r826702, r694354
r826750, r480364
r827076, r124057
r827393, r443244
r827941, r384625
r828273, r897914
r828400, r296240
r828433, r484648
r828543, r587214
r828651, r592213
r828701, r806845
r829101, r875846
r829807, r132397
r829878, r709697
r830173, r993660
r830405, r348371
r830458, r168824
r830516, r310008
r831266, r233827
r831520, r125814
r831751, r249363
r831759, r738996
r832020, r180618
r832306, r508531
r832358, r818681
r832408, r498796
r832416, r604366
r832640, r723631
r832867, r343915
r832894, r901446
r832976, r299086
r833039, r777603
r833354, r112840
r833457, r415330
r833543, r339072
r833547, r672366
r833708, r594080
r833819, r436311
r834216, r349812
r834327, r831581
r834470, r346684
r835144, r844165
r835146, r389799
r835187, r400396
r835543, r580178
r835684, r266669
r836242, r761741
r836255, r999787
r836523, r999844
r836700, r201586
r836756, r567818
r836961, r167478
r837090, r699332
r837215, r716919
r837284, r211273
r837371, r352078
r837706, r478264
r838310, r985028
r838459, r725978
r838826, r299021
r838863, r897726
r838966, r406910
r839077, r812196
r839266, r258103
r839283, r286389
r839624, r107161
r839634, r960251
r839701, r878780
r840040, r183924
r840160, r600399
r840213, r510130
r840255, r536473
r840259, r397434
r840677, r489355
r840755, r402717
r840769, r879261
r840909, r729747
r841219, r701819
r841514, r328988
r841515, r927677
r841667, r647499
r841816, r475597
r842359, r676029
r842823, r927770
r843455, r209865
r843497, r480434
r843792, r906288
r844254, r766030
r844684, r783188
r844913, r614577
r845406, r942132
r845412, r457314
r845508, r115855
r845766, r531078
r845927, r593996
r846031, r711345
r846066, r469253
r846296, r644162
r846297, r429477
r846305, r299739
r846359, r140671
r846527, r916333
r846608, r592826
r846665, r877313
r846747, r258015
r847008, r378990
r847084, r292929
r847088, r663851
r847273, r130803
r847491, r929084
r847631, r467548
r848435, r822221
r848723, r886056
r848774, r561744
r848780, r389369
r849121, r749770
r849208, r267816
r849234, r608113
r849416, r120905
r849508, r301812
r849561, r756637
r850329, r365477
r850443, r306638
r850515, r972390
r851037, r600123
r851124, r720028
r851127, r466986
r851193, r606211
r851449, r517909
r851890, r193627
r852160, r767185
r852353, r113017
r852444, r449152
r852817, r475614
r852955, r941720
r853146, r963520
r853174, r313572
r853257, r166112
r853463, r795790
r853679, r485173
r853889, r379893
r853972, r212572
r854193, r392188
r854269, r126976
r854296, r563215
r854335, r757173
r854452, r513830
r854454, r877614
r854474, r403223
r854552, r985350
r854616, r336643
r854740, r870408
r854745, r882236
r854788, r973289
r854805, r246246
r854897, r627688
r855101, r935994
r855122, r837457
r855293, r958861
r855416, r319422
r855427, r894557
r855536, r634992
r855641, r711908
r855759, r861062
r856106, r237328
r856544, r995329
r856706, r125227
r857011, r505335
r857338, r464638
r857573, r227472
r857844, r157547
r858048, r494304
r858051, r878453
r858362, r587175
r858444, r866109
r858479, r143416
r858501, r225897
r859163, r374243
r859689, r985148
r859962, r491268
r860377, r782372
r860472, r729395
r860494, r155237
r860882, r737999
r860893, r400055
r860946, r889325
r861034, r419375
r861162, r397507
r861269, r682419
r861316, r918270
r861584, r579798
r861664, r810984
r861873, r206955
r863373, r904490
r863499, r121933
r863558, r887019
r863675, r926381
r863688, r803610
r863741, r845905
r864410, r704663
r864689, r216856
r864711, r743890
r864761, r651859
r864844, r118786
r864861, r727193
r864965, r465254
r865082, r279571
r865279, r214995
r865526, r970033
r865890, r997120
r865953, r334375
r866596, r825108
r866762, r708738
r866783, r566690
r866848, r568046
r866967, r725491
r866993, r412201
r867361, r303490
r867373, r446636
r867472, r861021
r867725, r810811
r867806, r466267
r867855, r116642
r868284, r587580
r868408, r558327
r868525, r160037
r868803, r831331
r869262, r848726
r869466, r206455
r869513, r626139
r869591, r942601
r869600, r503768
r869724, r780382
r869848, r382787
r870252, r830889
r870357, r847582
r870625, r341888
r870804, r226639
r870853, r723137
r870899, r409351
r871127, r157604
r871357, r634330
r871368, r889196
r871498, r967990
r871861, r978618
r871919, r118125
r871983, r282634
r872144, r568772
r872491, r266134
r872989, r511936
r873106, r170953
r873422, r507907
r873713, r996812
r873768, r621303
r873791, r171299
r873902, r252561
r874079, r200582
r874301, r927809
r874562, r679196
r874588, r432149
r875098, r576040
r875769, r455841
r875806, r951958
r876060, r868527
r876421, r771227
r876457, r443753
r876707, r642663
r876711, r874348
r876770, r876031
r877087, r542937
r877260, r791779
r877366, r664706
r877504, r748065
r877543, r356052
r877935, r505928
r877992, r969153
r878069, r718529
r878174, r349479
r878295, r357179
r878338, r429350
r878617, r877147
r878925, r335073
r879150, r660401
r879289, r371595
r879618, r935610
r879730, r975452
r879955, r790896
r880052, r891392
r880283, r210753
r880719, r443397
r880749, r396735
r880910, r272934
r881012, r613063
r881654, r413428
r881733, r544801
r882161, r962470
r882208, r388296
r882346, r486455
r882683, r473402
r882787, r495422
r882957, r185415
r882986, r561354
r883145, r455833
r883181, r677014
r883256, r822984
r883461, r577753
r883508, r569783
r884887, r143947
r885907, r452218
r886272, r785083
r886330, r898824
r886346, r146750
r886370, r907496
r886408, r742355
r886425, r131791
r886521, r591612
r886577, r777216
r886890, r404105
r887548, r814054
r887762, r112583
r888031, r394058
r888068, r997142
r888121, r194573
r888269, r112881
r888401, r312226
r888487, r116279
r888553, r280336
r889056, r821846
r889578, r709213
r889593, r495040
r889659, r984848
r889902, r545947
r889903, r546699
r890072, r511600
r890107, r393615
r890121, r242934
r890473, r230336
r890537, r576039
r890613, r448011
r890657, r708781
r890740, r871076
r890768, r919214
r891250, r390904
r891343, r630577
r891377, r156813
r892022, r837415
r892094, r503304
r892146, r560485
r892323, r666016
r892529, r503554
r892969, r521234
r893257, r609811
r893296, r288322
r893308, r215545
r893333, r372860
r894003, r535832
r894102, r227996
r894113, r786530
r894172, r141407
r894217, r212295
r894219, r397148
r894247, r343536
r894331, r842500
r894398, r246995
r894601, r186524
r894744, r668142
r894764, r682214
r894972, r897946
r894993, r290382
r895587, r141749
r895892, r143132
r895987, r325072
r896350, r104712
r896389, r179801
r896595, r624612
r896636, r764583
r897072, r771337
r897374, r632053
r897736, r826784
r897833, r491838
r897886, r175262
r897888, r940654
r898350, r304872
r898441, r675181
r898669, r461218
r898741, r550055
r898947, r728963
r899281, r773608
r899531, r739300
r899591, r733906
r899689, r530438
r899824, r883969
r900056, r419901
r900206, r893017
r900386, r427247
r900434, r414778
r900487, r134149
r900629, r775990
r900877, r139091
r901144, r923998
r901251, r493753
r901619, r339367
r901657, r835812
r902105, r158506
r902291, r559488
r902606, r315701
r903046, r491532
r903198, r749906
r903397, r279488
r903605, r200192
r903671, r882481
r903835, r182246
r904060, r225175
r904329, r268321
r904499, r705297
r904548, r585803
r904703, r617119
r904840, r492112
r905484, r593961
r905799, r148553
r905814, r841557
r906539, r312529
r906628, r996569
r906846, r975615
r906909, r277984
r907150, r552961
r907359, r292171
r907653, r788720
r907786, r398623
r907877, r677776
r908058, r753157
r908211, r623894
r908287, r931829
r908641, r659719
r909043, r844030
r909234, r133162
r909526, r786716
r909848, r913976
r909930, r311552
r909937, r409484
r909985, r826575
r910192, r975695
r910198, r210426
r910228, r104532
r910556, r768296
r911354, r167282
r911427, r758552
r911946, r752069
r912219, r299689
r912243, r256055
r912260, r954033
r912263, r821066
r912285, r173060
r912293, r548104
r912446, r574368
r912738, r640689
r913080, r229652
r913518, r175482
r913598, r113693
r913683, r141863
r913828, r679650
r913842, r358807
r913915, r767677
r914173, r943548
r914219, r455606
r914294, r334841
r914437, r745243
r914806, r274842
r914925, r814332
r915181, r765048
r915246, r716418
r915341, r162478
r915600, r987819
r915865, r528464
r915900, r534821
r916023, r610723
r916398, r745185
r916415, r526108
r916683, r682042
r917578, r242715
r917627, r317807
r917759, r466846
r917889, r600460
r917892, r978929
r918274, r364117
r918301, r413497
r918719, r188933
r918783, r245284
r919015, r604409
r919168, r765322
r919292, r680209
r919613, r887741
r919794, r740365
r919804, r564792
r919812, r287218
r920188, r779584
r920230, r515203
r920326, r562230
r920519, r634154
r920855, r735816
r921252, r773799
r921349, r743329
r921411, r571398
r921476, r878391
r921483, r582603
r921610, r219144
r921815, r146327
r922631, r168192
r923187, r765153
r923252, r615809
r923369, r446330
r923445, r281280
r923487, r613535
r923701, r516244
r923713, r997221
r924749, r558021
r924848, r672078
r924991, r815372
r925046, r993200
r925207, r773505
r925515, r115695
r925524, r634974
r925617, r824674
r925903, r761318
r926117, r102915
r926422, r307747
r926423, r705298
r926843, r855491
r927111, r290447
r927286, r549356
r927351, r360739
r927381, r647270
r928148, r673452
r928287, r614434
r928477, r485830
r928582, r301281
r928793, r466848
r928835, r510335
r928852, r319990
r928923, r866438
r929069, r130222
r929164, r683148
r929177, r329860
r929985, r782754
r929996, r160964
r930153, r728450
r930577, r475438
r931282, r451085
r931431, r792579
r931553, r435130
r931604, r864777
r931631, r910983
r931675, r959367
r932091, r197873
r932427, r129851
r932514, r455739
r932548, r962270
r932591, r876854
r932643, r761718
r932717, r819041
r932747, r552519
r932751, r126289
r933011, r435856
r933026, r358020
r933230, r335539
r933714, r680008
r933798, r711104
r934209, r144045
r934469, r726213
r934476, r442461
r934789, r763169
r934934, r172034
r934945, r441602
r935096, r556649
r935227, r293589
r935357, r853710
r935413, r536521
r935427, r304630
r935544, r887928
r935755, r497080
r935782, r807077
r935925, r757860
r936460, r285120
r936571, r384256
r936785, r538086
r936865, r509932
r937009, r699153
r937238, r441469
r937296, r658809
r937298, r983515
r937364, r935031
r937533, r519185
r937841, r434451
r938112, r460757
r939025, r261589
r939044, r248404
r939070, r353632
r939293, r265949
r939299, r917225
r939336, r255116
r939557, r240928
r939627, r468823
r939628, r104215
r939699, r799192
r939747, r887531
r939808, r214853
r940087, r558699
r940405, r398329
r940992, r468458
r941356, r826749
r941501, r641786
r941844, r977105
r941975, r676747
r942205, r149100
r942730, r571555
r942931, r449008
r943074, r600221
r943178, r107992
r943256, r484690
r943290, r399390
r945061, r114757
r945495, r554166
r945851, r396777
r945963, r413357
r946069, r402651
r946437, r825416
r946593, r580494
r946825, r106962
r946827, r891644
r946883, r516808
r947470, r884612
r947520, r854817
r947581, r950340
r947603, r404574
r947716, r864320
r947755, r435808
r948425, r106281
r948834, r969560
r949166, r823357
r949223, r777560
r949240, r125730
r949321, r243763
r949457, r547901
r949462, r659638
r949501, r131516
r949523, r911331
r949913, r471062
r949993, r308092
r950210, r909721
r950233, r838934
r950345, r921480
r950476, r963710
r950511, r779901
r950773, r245029
r950774, r602217
r951110, r270542
r951239, r925058
r951253, r512539
r951480, r922660
r951689, r705665
r952008, r523082
r952989, r589946
r953079, r316631
r953118, r273237
r953254, r639582
r953391, r626609
r953614, r628778
r953697, r698406
r953926, r259333
r953968, r126972
r954032, r246916
r954044, r125506
r954177, r579971
r954588, r316390
r954857, r387252
r954914, r961344
r955016, r735545
r955093, r246672
r955157, r264777
r955460, r570738
r955553, r843850
r955875, r412207
r956326, r155241
r956405, r120722
r956432, r283812
r956599, r781646
r956630, r204269
r957048, r848516
r957184, r441517
r957505, r467272
r957662, r956396
r957664, r947296
r957722, r374662
r958072, r739835
r958081, r156358
r958287, r453050
r958547, r691494
r958765, r389014
r958884, r862759
r958916, r886067
r959119, r424004
r959345, r789914
r959845, r725774
r960014, r970471
r960063, r566574
r960360, r360948
r960498, r974296
r960630, r489533
r960909, r971635
r961166, r619326
r961310, r495803
r961464, r849260
r961563, r615739
r961682, r947001
r961808, r858729
r961895, r218499
r961985, r751658
r962141, r909659
r962151, r324752
r962188, r247572
r962264, r976897
r962287, r383167
r962631, r765348
r962806, r503869
r962857, r221146
r962859, r770945
r962881, r244428
r962901, r472682
r963242, r213149
r963374, r527445
r963551, r269999
r963738, r574322
r964011, r828838
r964100, r905417
r964775, r489972
r965227, r635391
r965390, r480521
r965500, r352752
r965658, r478549
r965794, r845789
r966084, r759681
r966097, r145163
r966163, r823404
r966740, r660707
r966843, r653828
r967450, r289461
r967454, r899307
r967465, r702189
r967511, r397218
r967631, r997147
r967724, r718578
r968376, r655092
r968458, r303782
r968733, r780356
r968771, r576525
r969017, r693676
r969089, r308352
r969387, r945978
r969629, r394196
r969982, r404921
r970018, r884252
r970030, r782931
r970169, r873715
r970703, r132294
r970957, r432981
r971211, r678036
r971224, r269991
r971225, r246157
r971299, r442279
r971656, r515838
r972028, r268158
r972105, r816979
r972139, r686641
r973051, r944196
r973122, r247688
r973354, r419427
r973364, r764404
r973413, r523536
r973597, r811691
r974123, r874248
r974726, r699173
r974980, r146358
r975335, r276152
r975337, r937456
r975488, r479261
r975700, r901235
r975762, r137753
r975880, r356546
r975915, r113065
r976711, r181956
r976732, r257569
r977168, r267215
r977356, r296584
r977383, r219685
r977896, r619097
r978048, r207949
r978059, r528103
r978500, r662315
r978542, r361419
r978993, r789988
r979077, r690164
r979250, r142165
r979581, r402680
r979611, r280299
r979732, r211932
r979795, r152839
r980121, r216276
r980226, r674821
r980246, r498281
r980637, r357716
r981066, r717304
r981085, r989974
r981779, r329704
r981864, r374009
r981917, r164390
r981931, r609673
r982077, r803525
r982378, r828738
r982815, r859404
r983075, r390415
r983148, r378870
r983176, r540134
r983240, r904928
r983528, r830922
r983588, r398246
r983825, r837829
r984980, r892488
r985090, r639491
r985859, r369928
r985917, r578196
r985936, r100756
r986060, r114818
r986367, r575775
r986543, r963009
r986682, r121910
r986810, r341823
r986994, r654554
r987332, r465373
r987456, r966233
r987466, r914981
r987635, r206866
r987677, r340574
r987839, r741663
r988332, r711773
r988842, r282712
r988906, r985333
r988936, r490855
r989236, r853799
r989411, r353401
r989985, r792394
r990353, r766829
r990471, r718011
r990679, r946682
r990857, r806468
r990980, r135620
r991130, r735621
r991157, r471351
r991258, r545402
r991552, r607807
r991678, r989281
r991855, r252212
r992034, r646720
r992148, r342765
r992230, r957176
r992280, r256521
r992446, r617386
r992472, r429053
r992518, r629125
r992786, r332414
r992845, r400218
r992958, r159031
r993130, r101256
r993188, r175246
r993336, r879775
r993435, r901328
r993472, r382714
r993539, r136316
r993559, r278319
r994056, r461651
r994065, r615652
r994082, r212904
r994423, r583044
r994512, r172353
r994910, r365528
r995100, r601201
r995376, r925404
r995662, r131334
r995816, r408700
r996003, r812653
r996012, r469523
r996023, r549830
r996106, r886816
r996296, r202614
r996340, r321311
r996710, r306848
r996711, r846662
r997125, r387356
r997358, r823652
r997591, r673655
r997839, r581119
r998007, r466520
r998039, r616804
r998104, r821326
r998340, r360702
r998861, r287998
r998957, r359249
r999404, r411135
r999543, r661973
r999568, r871712
r999957, r700329
